name,object_type,instance,units,present_value,description,min_value,max_value,writable,facets,ord
slot:/Chiller_B1_03/Points/ChwSupplyTemp,analogInput,1000,degC,6.0,,4.0,12.0,False,min=4.0|max=12.0|units=degC,station:|Chiller_B1_03/Points/ChwSupplyTemp
slot:/Chiller_B1_03/Points/ChwReturnTemp,analogInput,1001,degC,11.5,,8.0,18.0,False,min=8.0|max=18.0|units=degC,station:|Chiller_B1_03/Points/ChwReturnTemp
slot:/Chiller_B1_03/Points/CondenserPressure,analogInput,1002,bars,13.0,,8.0,25.0,False,min=8.0|max=25.0|units=bars,station:|Chiller_B1_03/Points/CondenserPressure
slot:/Chiller_B1_03/Points/CompressorAmps,analogInput,1003,amps,95,,30,200,False,min=30|max=200|units=amps,station:|Chiller_B1_03/Points/CompressorAmps
slot:/Chiller_B1_03/Points/ChillerStatus,analogInput,1004,,1,,,,False,,station:|Chiller_B1_03/Points/ChillerStatus
slot:/Chiller_B1_03/Points/ChwSupplyTempSetpoint,analogInput,1005,degC,5.5,,4.0,10.0,True,min=4.0|max=10.0|units=degC,station:|Chiller_B1_03/Points/ChwSupplyTempSetpoint
slot:/Chiller_B1_03/Points/Cop,analogInput,1006,,5.2,,2.0,6.0,False,min=2.0|max=6.0,station:|Chiller_B1_03/Points/Cop
slot:/Chiller_B1_03/Points/RuntimeHours,analogInput,1007,hours,28000,,0,100000,False,min=0|max=100000|units=hours,station:|Chiller_B1_03/Points/RuntimeHours
slot:/Chiller_B1_03/Points/Alarm,analogInput,1008,,0,,,,False,,station:|Chiller_B1_03/Points/Alarm
slot:/Split_L1_02/Points/RoomTemp,analogInput,1009,degC,21.0,,16.0,32.0,False,min=16.0|max=32.0|units=degC,station:|Split_L1_02/Points/RoomTemp
slot:/Split_L1_02/Points/Setpoint,analogInput,1010,degC,21.0,,18.0,28.0,True,min=18.0|max=28.0|units=degC,station:|Split_L1_02/Points/Setpoint
slot:/Split_L1_02/Points/Mode,analogInput,1011,,1,,,,False,,station:|Split_L1_02/Points/Mode
slot:/MCU2_L5_01/Points/ConnectedDiffusers,analogInput,1012,,10,,0,32,False,min=0|max=32,station:|MCU2_L5_01/Points/ConnectedDiffusers
slot:/MCU2_L5_01/Points/CommsStatus,analogInput,1013,,1,,,,False,,station:|MCU2_L5_01/Points/CommsStatus
slot:/MCU2_L5_01/Points/NetworkHealth,analogInput,1014,percent,99,,0,100,False,min=0|max=100|units=percent,station:|MCU2_L5_01/Points/NetworkHealth
slot:/MCU2_L5_01/Points/Alarm,analogInput,1015,,0,,,,False,,station:|MCU2_L5_01/Points/Alarm
slot:/Firepanel_L1_01/Points/SystemStatus,analogInput,1016,,1,,,,False,,station:|Firepanel_L1_01/Points/SystemStatus
slot:/Firepanel_L1_01/Points/ZonesInAlarm,analogInput,1017,,0,,0,100,False,min=0|max=100,station:|Firepanel_L1_01/Points/ZonesInAlarm
slot:/Firepanel_L1_01/Points/ZonesInFault,analogInput,1018,,0,,0,100,False,min=0|max=100,station:|Firepanel_L1_01/Points/ZonesInFault
slot:/Firepanel_L1_01/Points/BatteryStatus,analogInput,1019,,1,,,,False,,station:|Firepanel_L1_01/Points/BatteryStatus
slot:/Firepanel_L1_01/Points/MainsStatus,analogInput,1020,,1,,,,False,,station:|Firepanel_L1_01/Points/MainsStatus
slot:/Firepanel_L1_01/Points/Alarm,analogInput,1021,,0,,,,False,,station:|Firepanel_L1_01/Points/Alarm
slot:/Jace_B1_01/Points/CpuUsage,analogInput,1022,percent,35,,0,100,False,min=0|max=100|units=percent,station:|Jace_B1_01/Points/CpuUsage
slot:/Jace_B1_01/Points/MemoryUsage,analogInput,1023,percent,62,,0,100,False,min=0|max=100|units=percent,station:|Jace_B1_01/Points/MemoryUsage
slot:/Jace_B1_01/Points/UptimeHours,analogInput,1024,hours,8760,,0,100000,False,min=0|max=100000|units=hours,station:|Jace_B1_01/Points/UptimeHours
slot:/Jace_B1_01/Points/BacnetDeviceCount,analogInput,1025,,28,,0,200,False,min=0|max=200,station:|Jace_B1_01/Points/BacnetDeviceCount
slot:/Jace_B1_01/Points/CommsStatus,analogInput,1026,,1,,,,False,,station:|Jace_B1_01/Points/CommsStatus
slot:/Jace_B1_01/Points/Alarm,analogInput,1027,,0,,,,False,,station:|Jace_B1_01/Points/Alarm
slot:/Split_L2_01/Points/RoomTemp,analogInput,1028,degC,20.0,,16.0,32.0,False,min=16.0|max=32.0|units=degC,station:|Split_L2_01/Points/RoomTemp
slot:/Split_L2_01/Points/Setpoint,analogInput,1029,degC,20.0,,16.0,24.0,True,min=16.0|max=24.0|units=degC,station:|Split_L2_01/Points/Setpoint
slot:/Split_L2_01/Points/Mode,analogInput,1030,,1,,,,False,,station:|Split_L2_01/Points/Mode
slot:/Coldroom_L1_01/Points/CabinetTemp,analogInput,1031,degC,4.5,,2.0,8.0,False,min=2.0|max=8.0|units=degC,station:|Coldroom_L1_01/Points/CabinetTemp
slot:/Coldroom_L1_01/Points/CabinetTempSetpoint,analogInput,1032,degC,4.0,,2.0,8.0,True,min=2.0|max=8.0|units=degC,station:|Coldroom_L1_01/Points/CabinetTempSetpoint
slot:/Coldroom_L1_01/Points/CompressorStatus,analogInput,1033,,1,,,,False,,station:|Coldroom_L1_01/Points/CompressorStatus
slot:/Coldroom_L1_01/Points/DoorStatus,analogInput,1034,,0,,,,False,,station:|Coldroom_L1_01/Points/DoorStatus
slot:/Coldroom_L1_01/Points/DefrostStatus,analogInput,1035,,0,,,,False,,station:|Coldroom_L1_01/Points/DefrostStatus
slot:/Coldroom_L1_01/Points/CompressorRunHours,analogInput,1036,hours,35000,,0,100000,False,min=0|max=100000|units=hours,station:|Coldroom_L1_01/Points/CompressorRunHours
slot:/Coldroom_L1_01/Points/EvaporatorTemp,analogInput,1037,degC,0.5,,-5.0,5.0,False,min=-5.0|max=5.0|units=degC,station:|Coldroom_L1_01/Points/EvaporatorTemp
slot:/Coldroom_L1_01/Points/Alarm,analogInput,1038,,0,,,,False,,station:|Coldroom_L1_01/Points/Alarm
slot:/Boiler_B1_02/Points/HwSupplyTemp,analogInput,1039,degC,68.0,,40.0,90.0,False,min=40.0|max=90.0|units=degC,station:|Boiler_B1_02/Points/HwSupplyTemp
slot:/Boiler_B1_02/Points/HwReturnTemp,analogInput,1040,degC,52.0,,30.0,80.0,False,min=30.0|max=80.0|units=degC,station:|Boiler_B1_02/Points/HwReturnTemp
slot:/Boiler_B1_02/Points/FlueTemp,analogInput,1041,degC,115.0,,50.0,250.0,False,min=50.0|max=250.0|units=degC,station:|Boiler_B1_02/Points/FlueTemp
slot:/Boiler_B1_02/Points/BurnerStatus,analogInput,1042,,0,,,,False,,station:|Boiler_B1_02/Points/BurnerStatus
slot:/Boiler_B1_02/Points/HwSupplyTempSetpoint,analogInput,1043,degC,70.0,,50.0,85.0,True,min=50.0|max=85.0|units=degC,station:|Boiler_B1_02/Points/HwSupplyTempSetpoint
slot:/Boiler_B1_02/Points/GasPressure,analogInput,1044,mbar,21.0,,15.0,30.0,False,min=15.0|max=30.0|units=mbar,station:|Boiler_B1_02/Points/GasPressure
slot:/Boiler_B1_02/Points/RuntimeHours,analogInput,1045,hours,8000,,0,100000,False,min=0|max=100000|units=hours,station:|Boiler_B1_02/Points/RuntimeHours
slot:/Boiler_B1_02/Points/Alarm,analogInput,1046,,0,,,,False,,station:|Boiler_B1_02/Points/Alarm
slot:/Db_L3_02/Points/TotalKw,analogInput,1047,kW,65,,0,150,False,min=0|max=150|units=kW,station:|Db_L3_02/Points/TotalKw
slot:/Db_L3_02/Points/Voltage,analogInput,1048,volts,400,,380,420,False,min=380|max=420|units=volts,station:|Db_L3_02/Points/Voltage
slot:/Db_L3_02/Points/EssentialStatus,analogInput,1049,,1,,,,False,,station:|Db_L3_02/Points/EssentialStatus
slot:/Db_L3_02/Points/Alarm,analogInput,1050,,0,,,,False,,station:|Db_L3_02/Points/Alarm
slot:/Generator_B1_03/Points/FuelLevel,analogInput,1051,percent,92,,0,100,False,min=0|max=100|units=percent,station:|Generator_B1_03/Points/FuelLevel
slot:/Generator_B1_03/Points/BatteryVoltage,analogInput,1052,volts,27.0,,20.0,30.0,False,min=20.0|max=30.0|units=volts,station:|Generator_B1_03/Points/BatteryVoltage
slot:/Generator_B1_03/Points/RunHours,analogInput,1053,hours,2200,,0,50000,False,min=0|max=50000|units=hours,station:|Generator_B1_03/Points/RunHours
slot:/Generator_B1_03/Points/CoolantTemp,analogInput,1054,degC,40.0,,20.0,110.0,False,min=20.0|max=110.0|units=degC,station:|Generator_B1_03/Points/CoolantTemp
slot:/Generator_B1_03/Points/OilPressure,analogInput,1055,bars,5.0,,0,10.0,False,min=0|max=10.0|units=bars,station:|Generator_B1_03/Points/OilPressure
slot:/Generator_B1_03/Points/LoadPercent,analogInput,1056,percent,0,,0,120,False,min=0|max=120|units=percent,station:|Generator_B1_03/Points/LoadPercent
slot:/Generator_B1_03/Points/Status,analogInput,1057,,0,,,,False,,station:|Generator_B1_03/Points/Status
slot:/Generator_B1_03/Points/Alarm,analogInput,1058,,0,,,,False,,station:|Generator_B1_03/Points/Alarm
slot:/Msb_B1_01/Points/TotalKw,analogInput,1059,kW,1200,,0,3000,False,min=0|max=3000|units=kW,station:|Msb_B1_01/Points/TotalKw
slot:/Msb_B1_01/Points/TotalKva,analogInput,1060,kVA,1350,,0,3500,False,min=0|max=3500|units=kVA,station:|Msb_B1_01/Points/TotalKva
slot:/Msb_B1_01/Points/PowerFactor,analogInput,1061,,0.89,,0.7,1.0,False,min=0.7|max=1.0,station:|Msb_B1_01/Points/PowerFactor
slot:/Msb_B1_01/Points/VoltageL1,analogInput,1062,volts,400,,380,420,False,min=380|max=420|units=volts,station:|Msb_B1_01/Points/VoltageL1
slot:/Msb_B1_01/Points/VoltageL2,analogInput,1063,volts,400,,380,420,False,min=380|max=420|units=volts,station:|Msb_B1_01/Points/VoltageL2
slot:/Msb_B1_01/Points/VoltageL3,analogInput,1064,volts,400,,380,420,False,min=380|max=420|units=volts,station:|Msb_B1_01/Points/VoltageL3
slot:/Msb_B1_01/Points/Frequency,analogInput,1065,Hz,50.0,,48,52,False,min=48|max=52|units=Hz,station:|Msb_B1_01/Points/Frequency
slot:/Msb_B1_01/Points/MainsStatus,analogInput,1066,,1,,,,False,,station:|Msb_B1_01/Points/MainsStatus
slot:/Msb_B1_01/Points/Alarm,analogInput,1067,,0,,,,False,,station:|Msb_B1_01/Points/Alarm
slot:/Coolingtower_R_02/Points/CwSupplyTemp,analogInput,1068,degC,28.0,,20.0,40.0,False,min=20.0|max=40.0|units=degC,station:|Coolingtower_R_02/Points/CwSupplyTemp
slot:/Coolingtower_R_02/Points/CwReturnTemp,analogInput,1069,degC,33.5,,25.0,45.0,False,min=25.0|max=45.0|units=degC,station:|Coolingtower_R_02/Points/CwReturnTemp
slot:/Coolingtower_R_02/Points/ApproachTemp,analogInput,1070,degC,4.0,,2.0,10.0,False,min=2.0|max=10.0|units=degC,station:|Coolingtower_R_02/Points/ApproachTemp
slot:/Coolingtower_R_02/Points/FanSpeed,analogInput,1071,percent,70,,0,100,True,min=0|max=100|units=percent,station:|Coolingtower_R_02/Points/FanSpeed
slot:/Coolingtower_R_02/Points/FanStatus,analogInput,1072,,1,,,,False,,station:|Coolingtower_R_02/Points/FanStatus
slot:/Coolingtower_R_02/Points/BasinLevel,analogInput,1073,percent,88,,0,100,False,min=0|max=100|units=percent,station:|Coolingtower_R_02/Points/BasinLevel
slot:/Coolingtower_R_02/Points/WetBulbTemp,analogInput,1074,degC,24.0,,10.0,30.0,False,min=10.0|max=30.0|units=degC,station:|Coolingtower_R_02/Points/WetBulbTemp
slot:/Coolingtower_R_02/Points/Alarm,analogInput,1075,,0,,,,False,,station:|Coolingtower_R_02/Points/Alarm
slot:/AHU_L6_01/Points/SupplyAirTemp,analogInput,1076,degC,18.5,,15.0,25.0,False,min=15.0|max=25.0|units=degC,station:|AHU_L6_01/Points/SupplyAirTemp
slot:/AHU_L6_01/Points/ReturnAirTemp,analogInput,1077,degC,23.5,,18.0,28.0,False,min=18.0|max=28.0|units=degC,station:|AHU_L6_01/Points/ReturnAirTemp
slot:/AHU_L6_01/Points/FilterDp,analogInput,1078,pascals,130,,30,300,False,min=30|max=300|units=pascals,station:|AHU_L6_01/Points/FilterDp
slot:/AHU_L6_01/Points/FanSpeed,analogInput,1079,percent,75,,0,100,True,min=0|max=100|units=percent,station:|AHU_L6_01/Points/FanSpeed
slot:/AHU_L6_01/Points/DamperPosition,analogInput,1080,percent,50,,0,100,True,min=0|max=100|units=percent,station:|AHU_L6_01/Points/DamperPosition
slot:/AHU_L6_01/Points/Co2Level,analogInput,1081,partsPerMillion,650,,400,2000,False,min=400|max=2000|units=partsPerMillion,station:|AHU_L6_01/Points/Co2Level
slot:/AHU_L6_01/Points/FanStatus,analogInput,1082,,1,,,,False,,station:|AHU_L6_01/Points/FanStatus
slot:/AHU_L6_01/Points/Alarm,analogInput,1083,,0,,,,False,,station:|AHU_L6_01/Points/Alarm
slot:/AHU_L8_01/Points/SupplyAirTemp,analogInput,1084,degC,17.5,,15.0,25.0,False,min=15.0|max=25.0|units=degC,station:|AHU_L8_01/Points/SupplyAirTemp
slot:/AHU_L8_01/Points/ReturnAirTemp,analogInput,1085,degC,22.5,,18.0,28.0,False,min=18.0|max=28.0|units=degC,station:|AHU_L8_01/Points/ReturnAirTemp
slot:/AHU_L8_01/Points/FilterDp,analogInput,1086,pascals,90,,30,300,False,min=30|max=300|units=pascals,station:|AHU_L8_01/Points/FilterDp
slot:/AHU_L8_01/Points/FanSpeed,analogInput,1087,percent,65,,0,100,True,min=0|max=100|units=percent,station:|AHU_L8_01/Points/FanSpeed
slot:/AHU_L8_01/Points/DamperPosition,analogInput,1088,percent,30,,0,100,True,min=0|max=100|units=percent,station:|AHU_L8_01/Points/DamperPosition
slot:/AHU_L8_01/Points/FanStatus,analogInput,1089,,1,,,,False,,station:|AHU_L8_01/Points/FanStatus
slot:/AHU_L8_01/Points/Alarm,analogInput,1090,,0,,,,False,,station:|AHU_L8_01/Points/Alarm
slot:/Theatreahu_L3_TH1/Points/SupplyAirTemp,analogInput,1091,degC,18.0,,15.0,25.0,False,min=15.0|max=25.0|units=degC,station:|Theatreahu_L3_TH1/Points/SupplyAirTemp
slot:/Theatreahu_L3_TH1/Points/ReturnAirTemp,analogInput,1092,degC,22.0,,18.0,28.0,False,min=18.0|max=28.0|units=degC,station:|Theatreahu_L3_TH1/Points/ReturnAirTemp
slot:/Theatreahu_L3_TH1/Points/SupplyHumidity,analogInput,1093,%RH,50.0,,30.0,70.0,False,min=30.0|max=70.0|units=%RH,station:|Theatreahu_L3_TH1/Points/SupplyHumidity
slot:/Theatreahu_L3_TH1/Points/ReturnHumidity,analogInput,1094,%RH,55.0,,35.0,75.0,False,min=35.0|max=75.0|units=%RH,station:|Theatreahu_L3_TH1/Points/ReturnHumidity
slot:/Theatreahu_L3_TH1/Points/HepaDp,analogInput,1095,pascals,250,,100,600,False,min=100|max=600|units=pascals,station:|Theatreahu_L3_TH1/Points/HepaDp
slot:/Theatreahu_L3_TH1/Points/PrefilterDp,analogInput,1096,pascals,80,,30,250,False,min=30|max=250|units=pascals,station:|Theatreahu_L3_TH1/Points/PrefilterDp
slot:/Theatreahu_L3_TH1/Points/FanSpeed,analogInput,1097,percent,85,,0,100,True,min=0|max=100|units=percent,station:|Theatreahu_L3_TH1/Points/FanSpeed
slot:/Theatreahu_L3_TH1/Points/DamperPosition,analogInput,1098,percent,30,,0,100,True,min=0|max=100|units=percent,station:|Theatreahu_L3_TH1/Points/DamperPosition
slot:/Theatreahu_L3_TH1/Points/RoomPressure,analogInput,1099,pascals,15,,0,50,False,min=0|max=50|units=pascals,station:|Theatreahu_L3_TH1/Points/RoomPressure
slot:/Theatreahu_L3_TH1/Points/AirChangesPerHour,analogInput,1100,ACH,20,,15,30,False,min=15|max=30|units=ACH,station:|Theatreahu_L3_TH1/Points/AirChangesPerHour
slot:/Theatreahu_L3_TH1/Points/SupplyAirTempSetpoint,analogInput,1101,degC,18.0,,16.0,22.0,True,min=16.0|max=22.0|units=degC,station:|Theatreahu_L3_TH1/Points/SupplyAirTempSetpoint
slot:/Theatreahu_L3_TH1/Points/HumiditySetpoint,analogInput,1102,%RH,50.0,,40.0,60.0,True,min=40.0|max=60.0|units=%RH,station:|Theatreahu_L3_TH1/Points/HumiditySetpoint
slot:/Theatreahu_L3_TH1/Points/FanStatus,analogInput,1103,,1,,,,False,,station:|Theatreahu_L3_TH1/Points/FanStatus
slot:/Theatreahu_L3_TH1/Points/Alarm,analogInput,1104,,0,,,,False,,station:|Theatreahu_L3_TH1/Points/Alarm
slot:/Medicalgas_B1_01/Points/O2Pressure,analogInput,1105,bars,10.5,,0,15.0,False,min=0|max=15.0|units=bars,station:|Medicalgas_B1_01/Points/O2Pressure
slot:/Medicalgas_B1_01/Points/N2OPressure,analogInput,1106,bars,8.0,,0,15.0,False,min=0|max=15.0|units=bars,station:|Medicalgas_B1_01/Points/N2OPressure
slot:/Medicalgas_B1_01/Points/MedicalAirPressure,analogInput,1107,bars,6.5,,0,10.0,False,min=0|max=10.0|units=bars,station:|Medicalgas_B1_01/Points/MedicalAirPressure
slot:/Medicalgas_B1_01/Points/VacuumPressure,analogInput,1108,mbar,-550,,-800,0,False,min=-800|max=0|units=mbar,station:|Medicalgas_B1_01/Points/VacuumPressure
slot:/Medicalgas_B1_01/Points/O2ManifoldStatus,analogInput,1109,,1,,,,False,,station:|Medicalgas_B1_01/Points/O2ManifoldStatus
slot:/Medicalgas_B1_01/Points/N2OManifoldStatus,analogInput,1110,,1,,,,False,,station:|Medicalgas_B1_01/Points/N2OManifoldStatus
slot:/Medicalgas_B1_01/Points/Alarm,analogInput,1111,,0,,,,False,,station:|Medicalgas_B1_01/Points/Alarm
slot:/Generator_B1_01/Points/FuelLevel,analogInput,1112,percent,85,,0,100,False,min=0|max=100|units=percent,station:|Generator_B1_01/Points/FuelLevel
slot:/Generator_B1_01/Points/BatteryVoltage,analogInput,1113,volts,26.5,,20.0,30.0,False,min=20.0|max=30.0|units=volts,station:|Generator_B1_01/Points/BatteryVoltage
slot:/Generator_B1_01/Points/RunHours,analogInput,1114,hours,4500,,0,50000,False,min=0|max=50000|units=hours,station:|Generator_B1_01/Points/RunHours
slot:/Generator_B1_01/Points/CoolantTemp,analogInput,1115,degC,45.0,,20.0,110.0,False,min=20.0|max=110.0|units=degC,station:|Generator_B1_01/Points/CoolantTemp
slot:/Generator_B1_01/Points/OilPressure,analogInput,1116,bars,4.5,,0,10.0,False,min=0|max=10.0|units=bars,station:|Generator_B1_01/Points/OilPressure
slot:/Generator_B1_01/Points/LoadPercent,analogInput,1117,percent,0,,0,120,False,min=0|max=120|units=percent,station:|Generator_B1_01/Points/LoadPercent
slot:/Generator_B1_01/Points/Status,analogInput,1118,,0,,,,False,,station:|Generator_B1_01/Points/Status
slot:/Generator_B1_01/Points/Alarm,analogInput,1119,,0,,,,False,,station:|Generator_B1_01/Points/Alarm
slot:/Theatreahu_L3_TH3/Points/SupplyAirTemp,analogInput,1120,degC,18.0,,15.0,25.0,False,min=15.0|max=25.0|units=degC,station:|Theatreahu_L3_TH3/Points/SupplyAirTemp
slot:/Theatreahu_L3_TH3/Points/ReturnAirTemp,analogInput,1121,degC,22.0,,18.0,28.0,False,min=18.0|max=28.0|units=degC,station:|Theatreahu_L3_TH3/Points/ReturnAirTemp
slot:/Theatreahu_L3_TH3/Points/SupplyHumidity,analogInput,1122,%RH,50.0,,30.0,70.0,False,min=30.0|max=70.0|units=%RH,station:|Theatreahu_L3_TH3/Points/SupplyHumidity
slot:/Theatreahu_L3_TH3/Points/ReturnHumidity,analogInput,1123,%RH,55.0,,35.0,75.0,False,min=35.0|max=75.0|units=%RH,station:|Theatreahu_L3_TH3/Points/ReturnHumidity
slot:/Theatreahu_L3_TH3/Points/HepaDp,analogInput,1124,pascals,240,,100,600,False,min=100|max=600|units=pascals,station:|Theatreahu_L3_TH3/Points/HepaDp
slot:/Theatreahu_L3_TH3/Points/PrefilterDp,analogInput,1125,pascals,75,,30,250,False,min=30|max=250|units=pascals,station:|Theatreahu_L3_TH3/Points/PrefilterDp
slot:/Theatreahu_L3_TH3/Points/FanSpeed,analogInput,1126,percent,82,,0,100,True,min=0|max=100|units=percent,station:|Theatreahu_L3_TH3/Points/FanSpeed
slot:/Theatreahu_L3_TH3/Points/RoomPressure,analogInput,1127,pascals,15,,0,50,False,min=0|max=50|units=pascals,station:|Theatreahu_L3_TH3/Points/RoomPressure
slot:/Theatreahu_L3_TH3/Points/AirChangesPerHour,analogInput,1128,ACH,20,,15,30,False,min=15|max=30|units=ACH,station:|Theatreahu_L3_TH3/Points/AirChangesPerHour
slot:/Theatreahu_L3_TH3/Points/FanStatus,analogInput,1129,,1,,,,False,,station:|Theatreahu_L3_TH3/Points/FanStatus
slot:/Theatreahu_L3_TH3/Points/Alarm,analogInput,1130,,0,,,,False,,station:|Theatreahu_L3_TH3/Points/Alarm
slot:/Ups_L3_01/Points/LoadPercent,analogInput,1131,percent,55,,0,120,False,min=0|max=120|units=percent,station:|Ups_L3_01/Points/LoadPercent
slot:/Ups_L3_01/Points/BatteryCharge,analogInput,1132,percent,100,,0,100,False,min=0|max=100|units=percent,station:|Ups_L3_01/Points/BatteryCharge
slot:/Ups_L3_01/Points/BatteryRuntime,analogInput,1133,min,25,,0,60,False,min=0|max=60|units=min,station:|Ups_L3_01/Points/BatteryRuntime
slot:/Ups_L3_01/Points/InputVoltage,analogInput,1134,volts,400,,380,420,False,min=380|max=420|units=volts,station:|Ups_L3_01/Points/InputVoltage
slot:/Ups_L3_01/Points/OutputVoltage,analogInput,1135,volts,400,,380,420,False,min=380|max=420|units=volts,station:|Ups_L3_01/Points/OutputVoltage
slot:/Ups_L3_01/Points/Status,analogInput,1136,,1,,,,False,,station:|Ups_L3_01/Points/Status
slot:/Ups_L3_01/Points/BatteryTemp,analogInput,1137,degC,25.0,,15.0,45.0,False,min=15.0|max=45.0|units=degC,station:|Ups_L3_01/Points/BatteryTemp
slot:/Ups_L3_01/Points/Alarm,analogInput,1138,,0,,,,False,,station:|Ups_L3_01/Points/Alarm
slot:/Split_L3_01/Points/RoomTemp,analogInput,1139,degC,22.5,,16.0,32.0,False,min=16.0|max=32.0|units=degC,station:|Split_L3_01/Points/RoomTemp
slot:/Split_L3_01/Points/Setpoint,analogInput,1140,degC,22.0,,18.0,28.0,True,min=18.0|max=28.0|units=degC,station:|Split_L3_01/Points/Setpoint
slot:/Split_L3_01/Points/Mode,analogInput,1141,,1,,,,False,,station:|Split_L3_01/Points/Mode
slot:/Theatreahu_L3_TH2/Points/SupplyAirTemp,analogInput,1142,degC,18.5,,15.0,25.0,False,min=15.0|max=25.0|units=degC,station:|Theatreahu_L3_TH2/Points/SupplyAirTemp
slot:/Theatreahu_L3_TH2/Points/ReturnAirTemp,analogInput,1143,degC,22.5,,18.0,28.0,False,min=18.0|max=28.0|units=degC,station:|Theatreahu_L3_TH2/Points/ReturnAirTemp
slot:/Theatreahu_L3_TH2/Points/SupplyHumidity,analogInput,1144,%RH,52.0,,30.0,70.0,False,min=30.0|max=70.0|units=%RH,station:|Theatreahu_L3_TH2/Points/SupplyHumidity
slot:/Theatreahu_L3_TH2/Points/ReturnHumidity,analogInput,1145,%RH,57.0,,35.0,75.0,False,min=35.0|max=75.0|units=%RH,station:|Theatreahu_L3_TH2/Points/ReturnHumidity
slot:/Theatreahu_L3_TH2/Points/HepaDp,analogInput,1146,pascals,280,,100,600,False,min=100|max=600|units=pascals,station:|Theatreahu_L3_TH2/Points/HepaDp
slot:/Theatreahu_L3_TH2/Points/PrefilterDp,analogInput,1147,pascals,95,,30,250,False,min=30|max=250|units=pascals,station:|Theatreahu_L3_TH2/Points/PrefilterDp
slot:/Theatreahu_L3_TH2/Points/FanSpeed,analogInput,1148,percent,88,,0,100,True,min=0|max=100|units=percent,station:|Theatreahu_L3_TH2/Points/FanSpeed
slot:/Theatreahu_L3_TH2/Points/DamperPosition,analogInput,1149,percent,35,,0,100,True,min=0|max=100|units=percent,station:|Theatreahu_L3_TH2/Points/DamperPosition
slot:/Theatreahu_L3_TH2/Points/RoomPressure,analogInput,1150,pascals,15,,0,50,False,min=0|max=50|units=pascals,station:|Theatreahu_L3_TH2/Points/RoomPressure
slot:/Theatreahu_L3_TH2/Points/AirChangesPerHour,analogInput,1151,ACH,20,,15,30,False,min=15|max=30|units=ACH,station:|Theatreahu_L3_TH2/Points/AirChangesPerHour
slot:/Theatreahu_L3_TH2/Points/SupplyAirTempSetpoint,analogInput,1152,degC,18.0,,16.0,22.0,True,min=16.0|max=22.0|units=degC,station:|Theatreahu_L3_TH2/Points/SupplyAirTempSetpoint
slot:/Theatreahu_L3_TH2/Points/HumiditySetpoint,analogInput,1153,%RH,50.0,,40.0,60.0,True,min=40.0|max=60.0|units=%RH,station:|Theatreahu_L3_TH2/Points/HumiditySetpoint
slot:/Theatreahu_L3_TH2/Points/FanStatus,analogInput,1154,,1,,,,False,,station:|Theatreahu_L3_TH2/Points/FanStatus
slot:/Theatreahu_L3_TH2/Points/FanVibration,analogInput,1155,mm/s,1.2,,0,10.0,False,min=0|max=10.0|units=mm/s,station:|Theatreahu_L3_TH2/Points/FanVibration
slot:/Theatreahu_L3_TH2/Points/Alarm,analogInput,1156,,0,,,,False,,station:|Theatreahu_L3_TH2/Points/Alarm
slot:/MCU2_L2_01/Points/ConnectedDiffusers,analogInput,1157,,10,,0,32,False,min=0|max=32,station:|MCU2_L2_01/Points/ConnectedDiffusers
slot:/MCU2_L2_01/Points/CommsStatus,analogInput,1158,,1,,,,False,,station:|MCU2_L2_01/Points/CommsStatus
slot:/MCU2_L2_01/Points/NetworkHealth,analogInput,1159,percent,98,,0,100,False,min=0|max=100|units=percent,station:|MCU2_L2_01/Points/NetworkHealth
slot:/MCU2_L2_01/Points/Alarm,analogInput,1160,,0,,,,False,,station:|MCU2_L2_01/Points/Alarm
slot:/Lift_B1_01/Points/CurrentFloor,analogInput,1161,,3,,-1,11,False,min=-1|max=11,station:|Lift_B1_01/Points/CurrentFloor
slot:/Lift_B1_01/Points/Direction,analogInput,1162,,0,,,,False,,station:|Lift_B1_01/Points/Direction
slot:/Lift_B1_01/Points/DoorStatus,analogInput,1163,,0,,,,False,,station:|Lift_B1_01/Points/DoorStatus
slot:/Lift_B1_01/Points/InService,analogInput,1164,,1,,,,False,,station:|Lift_B1_01/Points/InService
slot:/Lift_B1_01/Points/Alarm,analogInput,1165,,0,,,,False,,station:|Lift_B1_01/Points/Alarm
slot:/Lift_B1_01/Points/CurrentFloor,analogInput,1166,,1,,-1,11,False,min=-1|max=11,station:|Lift_B1_01/Points/CurrentFloor
slot:/Lift_B1_01/Points/Direction,analogInput,1167,,0,,,,False,,station:|Lift_B1_01/Points/Direction
slot:/Lift_B1_01/Points/DoorStatus,analogInput,1168,,0,,,,False,,station:|Lift_B1_01/Points/DoorStatus
slot:/Lift_B1_01/Points/InService,analogInput,1169,,1,,,,False,,station:|Lift_B1_01/Points/InService
slot:/Lift_B1_01/Points/Alarm,analogInput,1170,,0,,,,False,,station:|Lift_B1_01/Points/Alarm
slot:/Chiller_B1_02/Points/ChwSupplyTemp,analogInput,1171,degC,6.5,,4.0,12.0,False,min=4.0|max=12.0|units=degC,station:|Chiller_B1_02/Points/ChwSupplyTemp
slot:/Chiller_B1_02/Points/ChwReturnTemp,analogInput,1172,degC,12.0,,8.0,18.0,False,min=8.0|max=18.0|units=degC,station:|Chiller_B1_02/Points/ChwReturnTemp
slot:/Chiller_B1_02/Points/CondenserPressure,analogInput,1173,bars,14.5,,8.0,25.0,False,min=8.0|max=25.0|units=bars,station:|Chiller_B1_02/Points/CondenserPressure
slot:/Chiller_B1_02/Points/CompressorAmps,analogInput,1174,amps,180,,50,400,False,min=50|max=400|units=amps,station:|Chiller_B1_02/Points/CompressorAmps
slot:/Chiller_B1_02/Points/ChillerStatus,analogInput,1175,,1,,,,False,,station:|Chiller_B1_02/Points/ChillerStatus
slot:/Chiller_B1_02/Points/ChwSupplyTempSetpoint,analogInput,1176,degC,6.0,,4.0,10.0,True,min=4.0|max=10.0|units=degC,station:|Chiller_B1_02/Points/ChwSupplyTempSetpoint
slot:/Chiller_B1_02/Points/Cop,analogInput,1177,,5.0,,2.0,6.0,False,min=2.0|max=6.0,station:|Chiller_B1_02/Points/Cop
slot:/Chiller_B1_02/Points/RuntimeHours,analogInput,1178,hours,42000,,0,100000,False,min=0|max=100000|units=hours,station:|Chiller_B1_02/Points/RuntimeHours
slot:/Chiller_B1_02/Points/Alarm,analogInput,1179,,0,,,,False,,station:|Chiller_B1_02/Points/Alarm
slot:/Extractfan_B1_01/Points/FanStatus,analogInput,1180,,1,,,,False,,station:|Extractfan_B1_01/Points/FanStatus
slot:/Extractfan_B1_01/Points/FanSpeed,analogInput,1181,percent,65,,0,100,False,min=0|max=100|units=percent,station:|Extractfan_B1_01/Points/FanSpeed
slot:/Extractfan_B1_01/Points/DuctTemp,analogInput,1182,degC,35.0,,20.0,80.0,False,min=20.0|max=80.0|units=degC,station:|Extractfan_B1_01/Points/DuctTemp
slot:/Extractfan_B1_01/Points/Alarm,analogInput,1183,,0,,,,False,,station:|Extractfan_B1_01/Points/Alarm
slot:/AHU_B1_LAUN/Points/SupplyAirTemp,analogInput,1184,degC,22.0,,15.0,35.0,False,min=15.0|max=35.0|units=degC,station:|AHU_B1_LAUN/Points/SupplyAirTemp
slot:/AHU_B1_LAUN/Points/ExhaustAirTemp,analogInput,1185,degC,28.0,,20.0,45.0,False,min=20.0|max=45.0|units=degC,station:|AHU_B1_LAUN/Points/ExhaustAirTemp
slot:/AHU_B1_LAUN/Points/FanStatus,analogInput,1186,,1,,,,True,,station:|AHU_B1_LAUN/Points/FanStatus
slot:/AHU_B1_LAUN/Points/FanSpeed,analogInput,1187,percent,70,,0,100,True,min=0|max=100|units=percent,station:|AHU_B1_LAUN/Points/FanSpeed
slot:/AHU_B1_LAUN/Points/Alarm,analogInput,1188,,0,,,,False,,station:|AHU_B1_LAUN/Points/Alarm
slot:/Theatreahu_L3_ICU/Points/SupplyAirTemp,analogInput,1189,degC,19.0,,15.0,25.0,False,min=15.0|max=25.0|units=degC,station:|Theatreahu_L3_ICU/Points/SupplyAirTemp
slot:/Theatreahu_L3_ICU/Points/ReturnAirTemp,analogInput,1190,degC,23.0,,18.0,28.0,False,min=18.0|max=28.0|units=degC,station:|Theatreahu_L3_ICU/Points/ReturnAirTemp
slot:/Theatreahu_L3_ICU/Points/SupplyHumidity,analogInput,1191,%RH,55.0,,30.0,70.0,False,min=30.0|max=70.0|units=%RH,station:|Theatreahu_L3_ICU/Points/SupplyHumidity
slot:/Theatreahu_L3_ICU/Points/ReturnHumidity,analogInput,1192,%RH,60.0,,35.0,75.0,False,min=35.0|max=75.0|units=%RH,station:|Theatreahu_L3_ICU/Points/ReturnHumidity
slot:/Theatreahu_L3_ICU/Points/HepaDp,analogInput,1193,pascals,260,,100,600,False,min=100|max=600|units=pascals,station:|Theatreahu_L3_ICU/Points/HepaDp
slot:/Theatreahu_L3_ICU/Points/PrefilterDp,analogInput,1194,pascals,85,,30,250,False,min=30|max=250|units=pascals,station:|Theatreahu_L3_ICU/Points/PrefilterDp
slot:/Theatreahu_L3_ICU/Points/FanSpeed,analogInput,1195,percent,90,,0,100,True,min=0|max=100|units=percent,station:|Theatreahu_L3_ICU/Points/FanSpeed
slot:/Theatreahu_L3_ICU/Points/RoomPressure,analogInput,1196,pascals,10,,0,50,False,min=0|max=50|units=pascals,station:|Theatreahu_L3_ICU/Points/RoomPressure
slot:/Theatreahu_L3_ICU/Points/AirChangesPerHour,analogInput,1197,ACH,15,,12,25,False,min=12|max=25|units=ACH,station:|Theatreahu_L3_ICU/Points/AirChangesPerHour
slot:/Theatreahu_L3_ICU/Points/FanStatus,analogInput,1198,,1,,,,False,,station:|Theatreahu_L3_ICU/Points/FanStatus
slot:/Theatreahu_L3_ICU/Points/Alarm,analogInput,1199,,0,,,,False,,station:|Theatreahu_L3_ICU/Points/Alarm
slot:/AHU_L7_01/Points/SupplyAirTemp,analogInput,1200,degC,18.0,,15.0,25.0,False,min=15.0|max=25.0|units=degC,station:|AHU_L7_01/Points/SupplyAirTemp
slot:/AHU_L7_01/Points/ReturnAirTemp,analogInput,1201,degC,23.0,,18.0,28.0,False,min=18.0|max=28.0|units=degC,station:|AHU_L7_01/Points/ReturnAirTemp
slot:/AHU_L7_01/Points/FilterDp,analogInput,1202,pascals,100,,30,300,False,min=30|max=300|units=pascals,station:|AHU_L7_01/Points/FilterDp
slot:/AHU_L7_01/Points/FanSpeed,analogInput,1203,percent,68,,0,100,True,min=0|max=100|units=percent,station:|AHU_L7_01/Points/FanSpeed
slot:/AHU_L7_01/Points/DamperPosition,analogInput,1204,percent,35,,0,100,True,min=0|max=100|units=percent,station:|AHU_L7_01/Points/DamperPosition
slot:/AHU_L7_01/Points/FanStatus,analogInput,1205,,1,,,,False,,station:|AHU_L7_01/Points/FanStatus
slot:/AHU_L7_01/Points/Alarm,analogInput,1206,,0,,,,False,,station:|AHU_L7_01/Points/Alarm
slot:/Jace_B1_01/Points/CpuUsage,analogInput,1207,percent,28,,0,100,False,min=0|max=100|units=percent,station:|Jace_B1_01/Points/CpuUsage
slot:/Jace_B1_01/Points/MemoryUsage,analogInput,1208,percent,55,,0,100,False,min=0|max=100|units=percent,station:|Jace_B1_01/Points/MemoryUsage
slot:/Jace_B1_01/Points/UptimeHours,analogInput,1209,hours,6500,,0,100000,False,min=0|max=100000|units=hours,station:|Jace_B1_01/Points/UptimeHours
slot:/Jace_B1_01/Points/BacnetDeviceCount,analogInput,1210,,21,,0,200,False,min=0|max=200,station:|Jace_B1_01/Points/BacnetDeviceCount
slot:/Jace_B1_01/Points/CommsStatus,analogInput,1211,,1,,,,False,,station:|Jace_B1_01/Points/CommsStatus
slot:/Jace_B1_01/Points/Alarm,analogInput,1212,,0,,,,False,,station:|Jace_B1_01/Points/Alarm
slot:/Pump_B1_CHW1/Points/Status,analogInput,1213,,1,,,,False,,station:|Pump_B1_CHW1/Points/Status
slot:/Pump_B1_CHW1/Points/Speed,analogInput,1214,percent,75,,0,100,True,min=0|max=100|units=percent,station:|Pump_B1_CHW1/Points/Speed
slot:/Pump_B1_CHW1/Points/MotorAmps,analogInput,1215,amps,22,,0,50,False,min=0|max=50|units=amps,station:|Pump_B1_CHW1/Points/MotorAmps
slot:/Pump_B1_CHW1/Points/DpBar,analogInput,1216,bars,2.8,,0,6.0,False,min=0|max=6.0|units=bars,station:|Pump_B1_CHW1/Points/DpBar
slot:/Pump_B1_CHW1/Points/VfdFault,analogInput,1217,,0,,,,False,,station:|Pump_B1_CHW1/Points/VfdFault
slot:/Pump_B1_CHW1/Points/Alarm,analogInput,1218,,0,,,,False,,station:|Pump_B1_CHW1/Points/Alarm
slot:/MCU2_L8_01/Points/ConnectedDiffusers,analogInput,1219,,10,,0,32,False,min=0|max=32,station:|MCU2_L8_01/Points/ConnectedDiffusers
slot:/MCU2_L8_01/Points/CommsStatus,analogInput,1220,,1,,,,False,,station:|MCU2_L8_01/Points/CommsStatus
slot:/MCU2_L8_01/Points/NetworkHealth,analogInput,1221,percent,97,,0,100,False,min=0|max=100|units=percent,station:|MCU2_L8_01/Points/NetworkHealth
slot:/MCU2_L8_01/Points/Alarm,analogInput,1222,,0,,,,False,,station:|MCU2_L8_01/Points/Alarm
slot:/Chiller_B1_01/Points/ChwSupplyTemp,analogInput,1223,degC,6.5,,4.0,12.0,False,min=4.0|max=12.0|units=degC,station:|Chiller_B1_01/Points/ChwSupplyTemp
slot:/Chiller_B1_01/Points/ChwReturnTemp,analogInput,1224,degC,12.0,,8.0,18.0,False,min=8.0|max=18.0|units=degC,station:|Chiller_B1_01/Points/ChwReturnTemp
slot:/Chiller_B1_01/Points/CondenserPressure,analogInput,1225,bars,14.5,,8.0,25.0,False,min=8.0|max=25.0|units=bars,station:|Chiller_B1_01/Points/CondenserPressure
slot:/Chiller_B1_01/Points/CompressorAmps,analogInput,1226,amps,180,,50,400,False,min=50|max=400|units=amps,station:|Chiller_B1_01/Points/CompressorAmps
slot:/Chiller_B1_01/Points/ChillerStatus,analogInput,1227,,1,,,,False,,station:|Chiller_B1_01/Points/ChillerStatus
slot:/Chiller_B1_01/Points/ChwSupplyTempSetpoint,analogInput,1228,degC,6.0,,4.0,10.0,True,min=4.0|max=10.0|units=degC,station:|Chiller_B1_01/Points/ChwSupplyTempSetpoint
slot:/Chiller_B1_01/Points/Cop,analogInput,1229,,4.8,,2.0,6.0,False,min=2.0|max=6.0,station:|Chiller_B1_01/Points/Cop
slot:/Chiller_B1_01/Points/RuntimeHours,analogInput,1230,hours,45000,,0,100000,False,min=0|max=100000|units=hours,station:|Chiller_B1_01/Points/RuntimeHours
slot:/Chiller_B1_01/Points/Alarm,analogInput,1231,,0,,,,False,,station:|Chiller_B1_01/Points/Alarm
slot:/Lift_B1_01/Points/CurrentFloor,analogInput,1232,,0,,-1,11,False,min=-1|max=11,station:|Lift_B1_01/Points/CurrentFloor
slot:/Lift_B1_01/Points/Direction,analogInput,1233,,0,,,,False,,station:|Lift_B1_01/Points/Direction
slot:/Lift_B1_01/Points/DoorStatus,analogInput,1234,,0,,,,False,,station:|Lift_B1_01/Points/DoorStatus
slot:/Lift_B1_01/Points/InService,analogInput,1235,,1,,,,False,,station:|Lift_B1_01/Points/InService
slot:/Lift_B1_01/Points/Alarm,analogInput,1236,,0,,,,False,,station:|Lift_B1_01/Points/Alarm
slot:/Split_L3_02/Points/RoomTemp,analogInput,1237,degC,22.0,,16.0,32.0,False,min=16.0|max=32.0|units=degC,station:|Split_L3_02/Points/RoomTemp
slot:/Split_L3_02/Points/Setpoint,analogInput,1238,degC,22.0,,18.0,28.0,True,min=18.0|max=28.0|units=degC,station:|Split_L3_02/Points/Setpoint
slot:/Split_L3_02/Points/Mode,analogInput,1239,,1,,,,False,,station:|Split_L3_02/Points/Mode
slot:/Db_L3_01/Points/TotalKw,analogInput,1240,kW,85,,0,200,False,min=0|max=200|units=kW,station:|Db_L3_01/Points/TotalKw
slot:/Db_L3_01/Points/Voltage,analogInput,1241,volts,400,,380,420,False,min=380|max=420|units=volts,station:|Db_L3_01/Points/Voltage
slot:/Db_L3_01/Points/EssentialStatus,analogInput,1242,,1,,,,False,,station:|Db_L3_01/Points/EssentialStatus
slot:/Db_L3_01/Points/Alarm,analogInput,1243,,0,,,,False,,station:|Db_L3_01/Points/Alarm
slot:/Coolingtower_R_01/Points/CwSupplyTemp,analogInput,1244,degC,28.5,,20.0,40.0,False,min=20.0|max=40.0|units=degC,station:|Coolingtower_R_01/Points/CwSupplyTemp
slot:/Coolingtower_R_01/Points/CwReturnTemp,analogInput,1245,degC,34.0,,25.0,45.0,False,min=25.0|max=45.0|units=degC,station:|Coolingtower_R_01/Points/CwReturnTemp
slot:/Coolingtower_R_01/Points/ApproachTemp,analogInput,1246,degC,4.5,,2.0,10.0,False,min=2.0|max=10.0|units=degC,station:|Coolingtower_R_01/Points/ApproachTemp
slot:/Coolingtower_R_01/Points/FanSpeed,analogInput,1247,percent,75,,0,100,True,min=0|max=100|units=percent,station:|Coolingtower_R_01/Points/FanSpeed
slot:/Coolingtower_R_01/Points/FanStatus,analogInput,1248,,1,,,,False,,station:|Coolingtower_R_01/Points/FanStatus
slot:/Coolingtower_R_01/Points/BasinLevel,analogInput,1249,percent,85,,0,100,False,min=0|max=100|units=percent,station:|Coolingtower_R_01/Points/BasinLevel
slot:/Coolingtower_R_01/Points/WetBulbTemp,analogInput,1250,degC,24.0,,10.0,30.0,False,min=10.0|max=30.0|units=degC,station:|Coolingtower_R_01/Points/WetBulbTemp
slot:/Coolingtower_R_01/Points/Alarm,analogInput,1251,,0,,,,False,,station:|Coolingtower_R_01/Points/Alarm
slot:/AHU_L9_01/Points/SupplyAirTemp,analogInput,1252,degC,18.0,,15.0,25.0,False,min=15.0|max=25.0|units=degC,station:|AHU_L9_01/Points/SupplyAirTemp
slot:/AHU_L9_01/Points/ReturnAirTemp,analogInput,1253,degC,23.0,,18.0,28.0,False,min=18.0|max=28.0|units=degC,station:|AHU_L9_01/Points/ReturnAirTemp
slot:/AHU_L9_01/Points/FilterDp,analogInput,1254,pascals,95,,30,300,False,min=30|max=300|units=pascals,station:|AHU_L9_01/Points/FilterDp
slot:/AHU_L9_01/Points/FanSpeed,analogInput,1255,percent,72,,0,100,True,min=0|max=100|units=percent,station:|AHU_L9_01/Points/FanSpeed
slot:/AHU_L9_01/Points/DamperPosition,analogInput,1256,percent,40,,0,100,True,min=0|max=100|units=percent,station:|AHU_L9_01/Points/DamperPosition
slot:/AHU_L9_01/Points/FanStatus,analogInput,1257,,1,,,,False,,station:|AHU_L9_01/Points/FanStatus
slot:/AHU_L9_01/Points/Alarm,analogInput,1258,,0,,,,False,,station:|AHU_L9_01/Points/Alarm
slot:/Split_L1_01/Points/RoomTemp,analogInput,1259,degC,22.0,,16.0,32.0,False,min=16.0|max=32.0|units=degC,station:|Split_L1_01/Points/RoomTemp
slot:/Split_L1_01/Points/Setpoint,analogInput,1260,degC,22.0,,18.0,28.0,True,min=18.0|max=28.0|units=degC,station:|Split_L1_01/Points/Setpoint
slot:/Split_L1_01/Points/Mode,analogInput,1261,,1,,,,False,,station:|Split_L1_01/Points/Mode
slot:/Split_L1_01/Points/FanSpeed,analogInput,1262,,2,,,,False,,station:|Split_L1_01/Points/FanSpeed
slot:/AHU_L5_01/Points/SupplyAirTemp,analogInput,1263,degC,19.0,,15.0,25.0,False,min=15.0|max=25.0|units=degC,station:|AHU_L5_01/Points/SupplyAirTemp
slot:/AHU_L5_01/Points/ReturnAirTemp,analogInput,1264,degC,24.0,,18.0,28.0,False,min=18.0|max=28.0|units=degC,station:|AHU_L5_01/Points/ReturnAirTemp
slot:/AHU_L5_01/Points/FilterDp,analogInput,1265,pascals,115,,30,300,False,min=30|max=300|units=pascals,station:|AHU_L5_01/Points/FilterDp
slot:/AHU_L5_01/Points/FanSpeed,analogInput,1266,percent,72,,0,100,True,min=0|max=100|units=percent,station:|AHU_L5_01/Points/FanSpeed
slot:/AHU_L5_01/Points/DamperPosition,analogInput,1267,percent,45,,0,100,True,min=0|max=100|units=percent,station:|AHU_L5_01/Points/DamperPosition
slot:/AHU_L5_01/Points/FanStatus,analogInput,1268,,1,,,,False,,station:|AHU_L5_01/Points/FanStatus
slot:/AHU_L5_01/Points/Alarm,analogInput,1269,,0,,,,False,,station:|AHU_L5_01/Points/Alarm
slot:/Generator_B1_02/Points/FuelLevel,analogInput,1270,percent,90,,0,100,False,min=0|max=100|units=percent,station:|Generator_B1_02/Points/FuelLevel
slot:/Generator_B1_02/Points/BatteryVoltage,analogInput,1271,volts,26.0,,20.0,30.0,False,min=20.0|max=30.0|units=volts,station:|Generator_B1_02/Points/BatteryVoltage
slot:/Generator_B1_02/Points/RunHours,analogInput,1272,hours,3800,,0,50000,False,min=0|max=50000|units=hours,station:|Generator_B1_02/Points/RunHours
slot:/Generator_B1_02/Points/CoolantTemp,analogInput,1273,degC,42.0,,20.0,110.0,False,min=20.0|max=110.0|units=degC,station:|Generator_B1_02/Points/CoolantTemp
slot:/Generator_B1_02/Points/OilPressure,analogInput,1274,bars,4.8,,0,10.0,False,min=0|max=10.0|units=bars,station:|Generator_B1_02/Points/OilPressure
slot:/Generator_B1_02/Points/LoadPercent,analogInput,1275,percent,0,,0,120,False,min=0|max=120|units=percent,station:|Generator_B1_02/Points/LoadPercent
slot:/Generator_B1_02/Points/Status,analogInput,1276,,0,,,,False,,station:|Generator_B1_02/Points/Status
slot:/Generator_B1_02/Points/Alarm,analogInput,1277,,0,,,,False,,station:|Generator_B1_02/Points/Alarm
slot:/Pump_B1_CW1/Points/Status,analogInput,1278,,1,,,,False,,station:|Pump_B1_CW1/Points/Status
slot:/Pump_B1_CW1/Points/Speed,analogInput,1279,percent,80,,0,100,True,min=0|max=100|units=percent,station:|Pump_B1_CW1/Points/Speed
slot:/Pump_B1_CW1/Points/MotorAmps,analogInput,1280,amps,25,,0,50,False,min=0|max=50|units=amps,station:|Pump_B1_CW1/Points/MotorAmps
slot:/Pump_B1_CW1/Points/DpBar,analogInput,1281,bars,3.2,,0,6.0,False,min=0|max=6.0|units=bars,station:|Pump_B1_CW1/Points/DpBar
slot:/Pump_B1_CW1/Points/Alarm,analogInput,1282,,0,,,,False,,station:|Pump_B1_CW1/Points/Alarm
slot:/Coldroom_L1_02/Points/CabinetTemp,analogInput,1283,degC,4.0,,2.0,8.0,False,min=2.0|max=8.0|units=degC,station:|Coldroom_L1_02/Points/CabinetTemp
slot:/Coldroom_L1_02/Points/CabinetTempSetpoint,analogInput,1284,degC,3.5,,2.0,8.0,True,min=2.0|max=8.0|units=degC,station:|Coldroom_L1_02/Points/CabinetTempSetpoint
slot:/Coldroom_L1_02/Points/CompressorStatus,analogInput,1285,,1,,,,False,,station:|Coldroom_L1_02/Points/CompressorStatus
slot:/Coldroom_L1_02/Points/DoorStatus,analogInput,1286,,0,,,,False,,station:|Coldroom_L1_02/Points/DoorStatus
slot:/Coldroom_L1_02/Points/DefrostStatus,analogInput,1287,,0,,,,False,,station:|Coldroom_L1_02/Points/DefrostStatus
slot:/Coldroom_L1_02/Points/CompressorRunHours,analogInput,1288,hours,24000,,0,100000,False,min=0|max=100000|units=hours,station:|Coldroom_L1_02/Points/CompressorRunHours
slot:/Coldroom_L1_02/Points/EvaporatorTemp,analogInput,1289,degC,0.0,,-5.0,5.0,False,min=-5.0|max=5.0|units=degC,station:|Coldroom_L1_02/Points/EvaporatorTemp
slot:/Coldroom_L1_02/Points/Alarm,analogInput,1290,,0,,,,False,,station:|Coldroom_L1_02/Points/Alarm
slot:/Boiler_B1_01/Points/HwSupplyTemp,analogInput,1291,degC,70.0,,40.0,90.0,False,min=40.0|max=90.0|units=degC,station:|Boiler_B1_01/Points/HwSupplyTemp
slot:/Boiler_B1_01/Points/HwReturnTemp,analogInput,1292,degC,55.0,,30.0,80.0,False,min=30.0|max=80.0|units=degC,station:|Boiler_B1_01/Points/HwReturnTemp
slot:/Boiler_B1_01/Points/FlueTemp,analogInput,1293,degC,120.0,,50.0,250.0,False,min=50.0|max=250.0|units=degC,station:|Boiler_B1_01/Points/FlueTemp
slot:/Boiler_B1_01/Points/BurnerStatus,analogInput,1294,,1,,,,False,,station:|Boiler_B1_01/Points/BurnerStatus
slot:/Boiler_B1_01/Points/HwSupplyTempSetpoint,analogInput,1295,degC,70.0,,50.0,85.0,True,min=50.0|max=85.0|units=degC,station:|Boiler_B1_01/Points/HwSupplyTempSetpoint
slot:/Boiler_B1_01/Points/GasPressure,analogInput,1296,mbar,21.0,,15.0,30.0,False,min=15.0|max=30.0|units=mbar,station:|Boiler_B1_01/Points/GasPressure
slot:/Boiler_B1_01/Points/RuntimeHours,analogInput,1297,hours,18000,,0,100000,False,min=0|max=100000|units=hours,station:|Boiler_B1_01/Points/RuntimeHours
slot:/Boiler_B1_01/Points/Alarm,analogInput,1298,,0,,,,False,,station:|Boiler_B1_01/Points/Alarm
slot:/Lift_B1_01/Points/CurrentFloor,analogInput,1299,,3,,-1,11,False,min=-1|max=11,station:|Lift_B1_01/Points/CurrentFloor
slot:/Lift_B1_01/Points/Direction,analogInput,1300,,0,,,,False,,station:|Lift_B1_01/Points/Direction
slot:/Lift_B1_01/Points/DoorStatus,analogInput,1301,,0,,,,False,,station:|Lift_B1_01/Points/DoorStatus
slot:/Lift_B1_01/Points/InService,analogInput,1302,,1,,,,False,,station:|Lift_B1_01/Points/InService
slot:/Lift_B1_01/Points/PriorityMode,analogInput,1303,,0,,,,False,,station:|Lift_B1_01/Points/PriorityMode
slot:/Lift_B1_01/Points/Alarm,analogInput,1304,,0,,,,False,,station:|Lift_B1_01/Points/Alarm
slot:/Split_L9_01/Points/RoomTemp,analogInput,1305,degC,21.0,,16.0,32.0,False,min=16.0|max=32.0|units=degC,station:|Split_L9_01/Points/RoomTemp
slot:/Split_L9_01/Points/Setpoint,analogInput,1306,degC,21.0,,18.0,26.0,True,min=18.0|max=26.0|units=degC,station:|Split_L9_01/Points/Setpoint
slot:/Split_L9_01/Points/Mode,analogInput,1307,,1,,,,False,,station:|Split_L9_01/Points/Mode
slot:/Coldroom_B1_01/Points/CabinetTemp,analogInput,1308,degC,3.0,,0.0,6.0,False,min=0.0|max=6.0|units=degC,station:|Coldroom_B1_01/Points/CabinetTemp
slot:/Coldroom_B1_01/Points/CompressorStatus,analogInput,1309,,1,,,,False,,station:|Coldroom_B1_01/Points/CompressorStatus
slot:/Coldroom_B1_01/Points/DoorStatus,analogInput,1310,,0,,,,False,,station:|Coldroom_B1_01/Points/DoorStatus
slot:/Coldroom_B1_01/Points/Alarm,analogInput,1311,,0,,,,False,,station:|Coldroom_B1_01/Points/Alarm
slot:/AHU_L4_01/Points/SupplyAirTemp,analogInput,1312,degC,18.0,,15.0,25.0,False,min=15.0|max=25.0|units=degC,station:|AHU_L4_01/Points/SupplyAirTemp
slot:/AHU_L4_01/Points/ReturnAirTemp,analogInput,1313,degC,23.0,,18.0,28.0,False,min=18.0|max=28.0|units=degC,station:|AHU_L4_01/Points/ReturnAirTemp
slot:/AHU_L4_01/Points/FilterDp,analogInput,1314,pascals,120,,30,300,False,min=30|max=300|units=pascals,station:|AHU_L4_01/Points/FilterDp
slot:/AHU_L4_01/Points/FanSpeed,analogInput,1315,percent,70,,0,100,True,min=0|max=100|units=percent,station:|AHU_L4_01/Points/FanSpeed
slot:/AHU_L4_01/Points/DamperPosition,analogInput,1316,percent,40,,0,100,True,min=0|max=100|units=percent,station:|AHU_L4_01/Points/DamperPosition
slot:/AHU_L4_01/Points/FanStatus,analogInput,1317,,1,,,,False,,station:|AHU_L4_01/Points/FanStatus
slot:/AHU_L4_01/Points/Alarm,analogInput,1318,,0,,,,False,,station:|AHU_L4_01/Points/Alarm
slot:/AHU_L2_01/Points/SupplyAirTemp,analogInput,1319,degC,18.0,,15.0,25.0,False,min=15.0|max=25.0|units=degC,station:|AHU_L2_01/Points/SupplyAirTemp
slot:/AHU_L2_01/Points/ReturnAirTemp,analogInput,1320,degC,23.0,,18.0,28.0,False,min=18.0|max=28.0|units=degC,station:|AHU_L2_01/Points/ReturnAirTemp
slot:/AHU_L2_01/Points/FilterDp,analogInput,1321,pascals,110,,30,300,False,min=30|max=300|units=pascals,station:|AHU_L2_01/Points/FilterDp
slot:/AHU_L2_01/Points/FanSpeed,analogInput,1322,percent,60,,0,100,True,min=0|max=100|units=percent,station:|AHU_L2_01/Points/FanSpeed
slot:/AHU_L2_01/Points/DamperPosition,analogInput,1323,percent,35,,0,100,True,min=0|max=100|units=percent,station:|AHU_L2_01/Points/DamperPosition
slot:/AHU_L2_01/Points/FanStatus,analogInput,1324,,1,,,,False,,station:|AHU_L2_01/Points/FanStatus
slot:/AHU_L2_01/Points/Alarm,analogInput,1325,,0,,,,False,,station:|AHU_L2_01/Points/Alarm
slot:/Diffuser_L2_01/Points/AirflowCfm,analogInput,1326,cubicFeetPerMinute,200,Diffuser airflow rate,50,400,False,min=50|max=400|units=cubicFeetPerMinute,station:|Diffuser_L2_01/Points/AirflowCfm
slot:/Diffuser_L2_01/Points/DamperPosition,analogValue,1327,percent,50,Diffuser damper position,0,100,True,min=0|max=100|units=percent,station:|Diffuser_L2_01/Points/DamperPosition
slot:/Diffuser_L2_01/Points/RoomTemp,analogInput,1328,degC,22.5,Zone temperature,16,32,False,min=16|max=32|units=degC,station:|Diffuser_L2_01/Points/RoomTemp
slot:/Diffuser_L2_01/Points/Occupancy,binaryInput,1329,,1,Zone occupancy status,,,False,,station:|Diffuser_L2_01/Points/Occupancy
slot:/Diffuser_L2_01/Points/Co2Level,analogInput,1330,partsPerMillion,650,Zone CO2 level,400,2000,False,min=400|max=2000|units=partsPerMillion,station:|Diffuser_L2_01/Points/Co2Level
slot:/Diffuser_L2_02/Points/AirflowCfm,analogInput,1331,cubicFeetPerMinute,200,Diffuser airflow rate,50,400,False,min=50|max=400|units=cubicFeetPerMinute,station:|Diffuser_L2_02/Points/AirflowCfm
slot:/Diffuser_L2_02/Points/DamperPosition,analogValue,1332,percent,50,Diffuser damper position,0,100,True,min=0|max=100|units=percent,station:|Diffuser_L2_02/Points/DamperPosition
slot:/Diffuser_L2_02/Points/RoomTemp,analogInput,1333,degC,22.5,Zone temperature,16,32,False,min=16|max=32|units=degC,station:|Diffuser_L2_02/Points/RoomTemp
slot:/Diffuser_L2_02/Points/Occupancy,binaryInput,1334,,1,Zone occupancy status,,,False,,station:|Diffuser_L2_02/Points/Occupancy
slot:/Diffuser_L2_02/Points/Co2Level,analogInput,1335,partsPerMillion,650,Zone CO2 level,400,2000,False,min=400|max=2000|units=partsPerMillion,station:|Diffuser_L2_02/Points/Co2Level
slot:/Diffuser_L2_03/Points/AirflowCfm,analogInput,1336,cubicFeetPerMinute,200,Diffuser airflow rate,50,400,False,min=50|max=400|units=cubicFeetPerMinute,station:|Diffuser_L2_03/Points/AirflowCfm
slot:/Diffuser_L2_03/Points/DamperPosition,analogValue,1337,percent,50,Diffuser damper position,0,100,True,min=0|max=100|units=percent,station:|Diffuser_L2_03/Points/DamperPosition
slot:/Diffuser_L2_03/Points/RoomTemp,analogInput,1338,degC,22.5,Zone temperature,16,32,False,min=16|max=32|units=degC,station:|Diffuser_L2_03/Points/RoomTemp
slot:/Diffuser_L2_03/Points/Occupancy,binaryInput,1339,,1,Zone occupancy status,,,False,,station:|Diffuser_L2_03/Points/Occupancy
slot:/Diffuser_L2_03/Points/Co2Level,analogInput,1340,partsPerMillion,650,Zone CO2 level,400,2000,False,min=400|max=2000|units=partsPerMillion,station:|Diffuser_L2_03/Points/Co2Level
slot:/Diffuser_L2_04/Points/AirflowCfm,analogInput,1341,cubicFeetPerMinute,200,Diffuser airflow rate,50,400,False,min=50|max=400|units=cubicFeetPerMinute,station:|Diffuser_L2_04/Points/AirflowCfm
slot:/Diffuser_L2_04/Points/DamperPosition,analogValue,1342,percent,50,Diffuser damper position,0,100,True,min=0|max=100|units=percent,station:|Diffuser_L2_04/Points/DamperPosition
slot:/Diffuser_L2_04/Points/RoomTemp,analogInput,1343,degC,22.5,Zone temperature,16,32,False,min=16|max=32|units=degC,station:|Diffuser_L2_04/Points/RoomTemp
slot:/Diffuser_L2_04/Points/Occupancy,binaryInput,1344,,1,Zone occupancy status,,,False,,station:|Diffuser_L2_04/Points/Occupancy
slot:/Diffuser_L2_04/Points/Co2Level,analogInput,1345,partsPerMillion,650,Zone CO2 level,400,2000,False,min=400|max=2000|units=partsPerMillion,station:|Diffuser_L2_04/Points/Co2Level
slot:/Diffuser_L2_05/Points/AirflowCfm,analogInput,1346,cubicFeetPerMinute,200,Diffuser airflow rate,50,400,False,min=50|max=400|units=cubicFeetPerMinute,station:|Diffuser_L2_05/Points/AirflowCfm
slot:/Diffuser_L2_05/Points/DamperPosition,analogValue,1347,percent,50,Diffuser damper position,0,100,True,min=0|max=100|units=percent,station:|Diffuser_L2_05/Points/DamperPosition
slot:/Diffuser_L2_05/Points/RoomTemp,analogInput,1348,degC,22.5,Zone temperature,16,32,False,min=16|max=32|units=degC,station:|Diffuser_L2_05/Points/RoomTemp
slot:/Diffuser_L2_05/Points/Occupancy,binaryInput,1349,,1,Zone occupancy status,,,False,,station:|Diffuser_L2_05/Points/Occupancy
slot:/Diffuser_L2_05/Points/Co2Level,analogInput,1350,partsPerMillion,650,Zone CO2 level,400,2000,False,min=400|max=2000|units=partsPerMillion,station:|Diffuser_L2_05/Points/Co2Level
slot:/Diffuser_L2_06/Points/AirflowCfm,analogInput,1351,cubicFeetPerMinute,200,Diffuser airflow rate,50,400,False,min=50|max=400|units=cubicFeetPerMinute,station:|Diffuser_L2_06/Points/AirflowCfm
slot:/Diffuser_L2_06/Points/DamperPosition,analogValue,1352,percent,50,Diffuser damper position,0,100,True,min=0|max=100|units=percent,station:|Diffuser_L2_06/Points/DamperPosition
slot:/Diffuser_L2_06/Points/RoomTemp,analogInput,1353,degC,22.5,Zone temperature,16,32,False,min=16|max=32|units=degC,station:|Diffuser_L2_06/Points/RoomTemp
slot:/Diffuser_L2_06/Points/Occupancy,binaryInput,1354,,1,Zone occupancy status,,,False,,station:|Diffuser_L2_06/Points/Occupancy
slot:/Diffuser_L2_06/Points/Co2Level,analogInput,1355,partsPerMillion,650,Zone CO2 level,400,2000,False,min=400|max=2000|units=partsPerMillion,station:|Diffuser_L2_06/Points/Co2Level
slot:/Diffuser_L2_07/Points/AirflowCfm,analogInput,1356,cubicFeetPerMinute,200,Diffuser airflow rate,50,400,False,min=50|max=400|units=cubicFeetPerMinute,station:|Diffuser_L2_07/Points/AirflowCfm
slot:/Diffuser_L2_07/Points/DamperPosition,analogValue,1357,percent,50,Diffuser damper position,0,100,True,min=0|max=100|units=percent,station:|Diffuser_L2_07/Points/DamperPosition
slot:/Diffuser_L2_07/Points/RoomTemp,analogInput,1358,degC,22.5,Zone temperature,16,32,False,min=16|max=32|units=degC,station:|Diffuser_L2_07/Points/RoomTemp
slot:/Diffuser_L2_07/Points/Occupancy,binaryInput,1359,,1,Zone occupancy status,,,False,,station:|Diffuser_L2_07/Points/Occupancy
slot:/Diffuser_L2_07/Points/Co2Level,analogInput,1360,partsPerMillion,650,Zone CO2 level,400,2000,False,min=400|max=2000|units=partsPerMillion,station:|Diffuser_L2_07/Points/Co2Level
slot:/Diffuser_L2_08/Points/AirflowCfm,analogInput,1361,cubicFeetPerMinute,200,Diffuser airflow rate,50,400,False,min=50|max=400|units=cubicFeetPerMinute,station:|Diffuser_L2_08/Points/AirflowCfm
slot:/Diffuser_L2_08/Points/DamperPosition,analogValue,1362,percent,50,Diffuser damper position,0,100,True,min=0|max=100|units=percent,station:|Diffuser_L2_08/Points/DamperPosition
slot:/Diffuser_L2_08/Points/RoomTemp,analogInput,1363,degC,22.5,Zone temperature,16,32,False,min=16|max=32|units=degC,station:|Diffuser_L2_08/Points/RoomTemp
slot:/Diffuser_L2_08/Points/Occupancy,binaryInput,1364,,1,Zone occupancy status,,,False,,station:|Diffuser_L2_08/Points/Occupancy
slot:/Diffuser_L2_08/Points/Co2Level,analogInput,1365,partsPerMillion,650,Zone CO2 level,400,2000,False,min=400|max=2000|units=partsPerMillion,station:|Diffuser_L2_08/Points/Co2Level
slot:/Diffuser_L2_09/Points/AirflowCfm,analogInput,1366,cubicFeetPerMinute,200,Diffuser airflow rate,50,400,False,min=50|max=400|units=cubicFeetPerMinute,station:|Diffuser_L2_09/Points/AirflowCfm
slot:/Diffuser_L2_09/Points/DamperPosition,analogValue,1367,percent,50,Diffuser damper position,0,100,True,min=0|max=100|units=percent,station:|Diffuser_L2_09/Points/DamperPosition
slot:/Diffuser_L2_09/Points/RoomTemp,analogInput,1368,degC,22.5,Zone temperature,16,32,False,min=16|max=32|units=degC,station:|Diffuser_L2_09/Points/RoomTemp
slot:/Diffuser_L2_09/Points/Occupancy,binaryInput,1369,,1,Zone occupancy status,,,False,,station:|Diffuser_L2_09/Points/Occupancy
slot:/Diffuser_L2_09/Points/Co2Level,analogInput,1370,partsPerMillion,650,Zone CO2 level,400,2000,False,min=400|max=2000|units=partsPerMillion,station:|Diffuser_L2_09/Points/Co2Level
slot:/Diffuser_L2_10/Points/AirflowCfm,analogInput,1371,cubicFeetPerMinute,200,Diffuser airflow rate,50,400,False,min=50|max=400|units=cubicFeetPerMinute,station:|Diffuser_L2_10/Points/AirflowCfm
slot:/Diffuser_L2_10/Points/DamperPosition,analogValue,1372,percent,50,Diffuser damper position,0,100,True,min=0|max=100|units=percent,station:|Diffuser_L2_10/Points/DamperPosition
slot:/Diffuser_L2_10/Points/RoomTemp,analogInput,1373,degC,22.5,Zone temperature,16,32,False,min=16|max=32|units=degC,station:|Diffuser_L2_10/Points/RoomTemp
slot:/Diffuser_L2_10/Points/Occupancy,binaryInput,1374,,1,Zone occupancy status,,,False,,station:|Diffuser_L2_10/Points/Occupancy
slot:/Diffuser_L2_10/Points/Co2Level,analogInput,1375,partsPerMillion,650,Zone CO2 level,400,2000,False,min=400|max=2000|units=partsPerMillion,station:|Diffuser_L2_10/Points/Co2Level
slot:/Diffuser_L5_01/Points/AirflowCfm,analogInput,1376,cubicFeetPerMinute,200,Diffuser airflow rate,50,400,False,min=50|max=400|units=cubicFeetPerMinute,station:|Diffuser_L5_01/Points/AirflowCfm
slot:/Diffuser_L5_01/Points/DamperPosition,analogValue,1377,percent,50,Diffuser damper position,0,100,True,min=0|max=100|units=percent,station:|Diffuser_L5_01/Points/DamperPosition
slot:/Diffuser_L5_01/Points/RoomTemp,analogInput,1378,degC,22.5,Zone temperature,16,32,False,min=16|max=32|units=degC,station:|Diffuser_L5_01/Points/RoomTemp
slot:/Diffuser_L5_01/Points/Occupancy,binaryInput,1379,,1,Zone occupancy status,,,False,,station:|Diffuser_L5_01/Points/Occupancy
slot:/Diffuser_L5_01/Points/Co2Level,analogInput,1380,partsPerMillion,650,Zone CO2 level,400,2000,False,min=400|max=2000|units=partsPerMillion,station:|Diffuser_L5_01/Points/Co2Level
slot:/Diffuser_L5_02/Points/AirflowCfm,analogInput,1381,cubicFeetPerMinute,200,Diffuser airflow rate,50,400,False,min=50|max=400|units=cubicFeetPerMinute,station:|Diffuser_L5_02/Points/AirflowCfm
slot:/Diffuser_L5_02/Points/DamperPosition,analogValue,1382,percent,50,Diffuser damper position,0,100,True,min=0|max=100|units=percent,station:|Diffuser_L5_02/Points/DamperPosition
slot:/Diffuser_L5_02/Points/RoomTemp,analogInput,1383,degC,22.5,Zone temperature,16,32,False,min=16|max=32|units=degC,station:|Diffuser_L5_02/Points/RoomTemp
slot:/Diffuser_L5_02/Points/Occupancy,binaryInput,1384,,1,Zone occupancy status,,,False,,station:|Diffuser_L5_02/Points/Occupancy
slot:/Diffuser_L5_02/Points/Co2Level,analogInput,1385,partsPerMillion,650,Zone CO2 level,400,2000,False,min=400|max=2000|units=partsPerMillion,station:|Diffuser_L5_02/Points/Co2Level
slot:/Diffuser_L5_03/Points/AirflowCfm,analogInput,1386,cubicFeetPerMinute,200,Diffuser airflow rate,50,400,False,min=50|max=400|units=cubicFeetPerMinute,station:|Diffuser_L5_03/Points/AirflowCfm
slot:/Diffuser_L5_03/Points/DamperPosition,analogValue,1387,percent,50,Diffuser damper position,0,100,True,min=0|max=100|units=percent,station:|Diffuser_L5_03/Points/DamperPosition
slot:/Diffuser_L5_03/Points/RoomTemp,analogInput,1388,degC,22.5,Zone temperature,16,32,False,min=16|max=32|units=degC,station:|Diffuser_L5_03/Points/RoomTemp
slot:/Diffuser_L5_03/Points/Occupancy,binaryInput,1389,,1,Zone occupancy status,,,False,,station:|Diffuser_L5_03/Points/Occupancy
slot:/Diffuser_L5_03/Points/Co2Level,analogInput,1390,partsPerMillion,650,Zone CO2 level,400,2000,False,min=400|max=2000|units=partsPerMillion,station:|Diffuser_L5_03/Points/Co2Level
slot:/Diffuser_L5_04/Points/AirflowCfm,analogInput,1391,cubicFeetPerMinute,200,Diffuser airflow rate,50,400,False,min=50|max=400|units=cubicFeetPerMinute,station:|Diffuser_L5_04/Points/AirflowCfm
slot:/Diffuser_L5_04/Points/DamperPosition,analogValue,1392,percent,50,Diffuser damper position,0,100,True,min=0|max=100|units=percent,station:|Diffuser_L5_04/Points/DamperPosition
slot:/Diffuser_L5_04/Points/RoomTemp,analogInput,1393,degC,22.5,Zone temperature,16,32,False,min=16|max=32|units=degC,station:|Diffuser_L5_04/Points/RoomTemp
slot:/Diffuser_L5_04/Points/Occupancy,binaryInput,1394,,1,Zone occupancy status,,,False,,station:|Diffuser_L5_04/Points/Occupancy
slot:/Diffuser_L5_04/Points/Co2Level,analogInput,1395,partsPerMillion,650,Zone CO2 level,400,2000,False,min=400|max=2000|units=partsPerMillion,station:|Diffuser_L5_04/Points/Co2Level
slot:/Diffuser_L5_05/Points/AirflowCfm,analogInput,1396,cubicFeetPerMinute,200,Diffuser airflow rate,50,400,False,min=50|max=400|units=cubicFeetPerMinute,station:|Diffuser_L5_05/Points/AirflowCfm
slot:/Diffuser_L5_05/Points/DamperPosition,analogValue,1397,percent,50,Diffuser damper position,0,100,True,min=0|max=100|units=percent,station:|Diffuser_L5_05/Points/DamperPosition
slot:/Diffuser_L5_05/Points/RoomTemp,analogInput,1398,degC,22.5,Zone temperature,16,32,False,min=16|max=32|units=degC,station:|Diffuser_L5_05/Points/RoomTemp
slot:/Diffuser_L5_05/Points/Occupancy,binaryInput,1399,,1,Zone occupancy status,,,False,,station:|Diffuser_L5_05/Points/Occupancy
slot:/Diffuser_L5_05/Points/Co2Level,analogInput,1400,partsPerMillion,650,Zone CO2 level,400,2000,False,min=400|max=2000|units=partsPerMillion,station:|Diffuser_L5_05/Points/Co2Level
slot:/Diffuser_L5_06/Points/AirflowCfm,analogInput,1401,cubicFeetPerMinute,200,Diffuser airflow rate,50,400,False,min=50|max=400|units=cubicFeetPerMinute,station:|Diffuser_L5_06/Points/AirflowCfm
slot:/Diffuser_L5_06/Points/DamperPosition,analogValue,1402,percent,50,Diffuser damper position,0,100,True,min=0|max=100|units=percent,station:|Diffuser_L5_06/Points/DamperPosition
slot:/Diffuser_L5_06/Points/RoomTemp,analogInput,1403,degC,22.5,Zone temperature,16,32,False,min=16|max=32|units=degC,station:|Diffuser_L5_06/Points/RoomTemp
slot:/Diffuser_L5_06/Points/Occupancy,binaryInput,1404,,1,Zone occupancy status,,,False,,station:|Diffuser_L5_06/Points/Occupancy
slot:/Diffuser_L5_06/Points/Co2Level,analogInput,1405,partsPerMillion,650,Zone CO2 level,400,2000,False,min=400|max=2000|units=partsPerMillion,station:|Diffuser_L5_06/Points/Co2Level
slot:/Diffuser_L5_07/Points/AirflowCfm,analogInput,1406,cubicFeetPerMinute,200,Diffuser airflow rate,50,400,False,min=50|max=400|units=cubicFeetPerMinute,station:|Diffuser_L5_07/Points/AirflowCfm
slot:/Diffuser_L5_07/Points/DamperPosition,analogValue,1407,percent,50,Diffuser damper position,0,100,True,min=0|max=100|units=percent,station:|Diffuser_L5_07/Points/DamperPosition
slot:/Diffuser_L5_07/Points/RoomTemp,analogInput,1408,degC,22.5,Zone temperature,16,32,False,min=16|max=32|units=degC,station:|Diffuser_L5_07/Points/RoomTemp
slot:/Diffuser_L5_07/Points/Occupancy,binaryInput,1409,,1,Zone occupancy status,,,False,,station:|Diffuser_L5_07/Points/Occupancy
slot:/Diffuser_L5_07/Points/Co2Level,analogInput,1410,partsPerMillion,650,Zone CO2 level,400,2000,False,min=400|max=2000|units=partsPerMillion,station:|Diffuser_L5_07/Points/Co2Level
slot:/Diffuser_L5_08/Points/AirflowCfm,analogInput,1411,cubicFeetPerMinute,200,Diffuser airflow rate,50,400,False,min=50|max=400|units=cubicFeetPerMinute,station:|Diffuser_L5_08/Points/AirflowCfm
slot:/Diffuser_L5_08/Points/DamperPosition,analogValue,1412,percent,50,Diffuser damper position,0,100,True,min=0|max=100|units=percent,station:|Diffuser_L5_08/Points/DamperPosition
slot:/Diffuser_L5_08/Points/RoomTemp,analogInput,1413,degC,22.5,Zone temperature,16,32,False,min=16|max=32|units=degC,station:|Diffuser_L5_08/Points/RoomTemp
slot:/Diffuser_L5_08/Points/Occupancy,binaryInput,1414,,1,Zone occupancy status,,,False,,station:|Diffuser_L5_08/Points/Occupancy
slot:/Diffuser_L5_08/Points/Co2Level,analogInput,1415,partsPerMillion,650,Zone CO2 level,400,2000,False,min=400|max=2000|units=partsPerMillion,station:|Diffuser_L5_08/Points/Co2Level
slot:/Diffuser_L5_09/Points/AirflowCfm,analogInput,1416,cubicFeetPerMinute,200,Diffuser airflow rate,50,400,False,min=50|max=400|units=cubicFeetPerMinute,station:|Diffuser_L5_09/Points/AirflowCfm
slot:/Diffuser_L5_09/Points/DamperPosition,analogValue,1417,percent,50,Diffuser damper position,0,100,True,min=0|max=100|units=percent,station:|Diffuser_L5_09/Points/DamperPosition
slot:/Diffuser_L5_09/Points/RoomTemp,analogInput,1418,degC,22.5,Zone temperature,16,32,False,min=16|max=32|units=degC,station:|Diffuser_L5_09/Points/RoomTemp
slot:/Diffuser_L5_09/Points/Occupancy,binaryInput,1419,,1,Zone occupancy status,,,False,,station:|Diffuser_L5_09/Points/Occupancy
slot:/Diffuser_L5_09/Points/Co2Level,analogInput,1420,partsPerMillion,650,Zone CO2 level,400,2000,False,min=400|max=2000|units=partsPerMillion,station:|Diffuser_L5_09/Points/Co2Level
slot:/Diffuser_L5_10/Points/AirflowCfm,analogInput,1421,cubicFeetPerMinute,200,Diffuser airflow rate,50,400,False,min=50|max=400|units=cubicFeetPerMinute,station:|Diffuser_L5_10/Points/AirflowCfm
slot:/Diffuser_L5_10/Points/DamperPosition,analogValue,1422,percent,50,Diffuser damper position,0,100,True,min=0|max=100|units=percent,station:|Diffuser_L5_10/Points/DamperPosition
slot:/Diffuser_L5_10/Points/RoomTemp,analogInput,1423,degC,22.5,Zone temperature,16,32,False,min=16|max=32|units=degC,station:|Diffuser_L5_10/Points/RoomTemp
slot:/Diffuser_L5_10/Points/Occupancy,binaryInput,1424,,1,Zone occupancy status,,,False,,station:|Diffuser_L5_10/Points/Occupancy
slot:/Diffuser_L5_10/Points/Co2Level,analogInput,1425,partsPerMillion,650,Zone CO2 level,400,2000,False,min=400|max=2000|units=partsPerMillion,station:|Diffuser_L5_10/Points/Co2Level
slot:/Diffuser_L8_01/Points/AirflowCfm,analogInput,1426,cubicFeetPerMinute,200,Diffuser airflow rate,50,400,False,min=50|max=400|units=cubicFeetPerMinute,station:|Diffuser_L8_01/Points/AirflowCfm
slot:/Diffuser_L8_01/Points/DamperPosition,analogValue,1427,percent,50,Diffuser damper position,0,100,True,min=0|max=100|units=percent,station:|Diffuser_L8_01/Points/DamperPosition
slot:/Diffuser_L8_01/Points/RoomTemp,analogInput,1428,degC,22.5,Zone temperature,16,32,False,min=16|max=32|units=degC,station:|Diffuser_L8_01/Points/RoomTemp
slot:/Diffuser_L8_01/Points/Occupancy,binaryInput,1429,,1,Zone occupancy status,,,False,,station:|Diffuser_L8_01/Points/Occupancy
slot:/Diffuser_L8_01/Points/Co2Level,analogInput,1430,partsPerMillion,650,Zone CO2 level,400,2000,False,min=400|max=2000|units=partsPerMillion,station:|Diffuser_L8_01/Points/Co2Level
slot:/Diffuser_L8_02/Points/AirflowCfm,analogInput,1431,cubicFeetPerMinute,200,Diffuser airflow rate,50,400,False,min=50|max=400|units=cubicFeetPerMinute,station:|Diffuser_L8_02/Points/AirflowCfm
slot:/Diffuser_L8_02/Points/DamperPosition,analogValue,1432,percent,50,Diffuser damper position,0,100,True,min=0|max=100|units=percent,station:|Diffuser_L8_02/Points/DamperPosition
slot:/Diffuser_L8_02/Points/RoomTemp,analogInput,1433,degC,22.5,Zone temperature,16,32,False,min=16|max=32|units=degC,station:|Diffuser_L8_02/Points/RoomTemp
slot:/Diffuser_L8_02/Points/Occupancy,binaryInput,1434,,1,Zone occupancy status,,,False,,station:|Diffuser_L8_02/Points/Occupancy
slot:/Diffuser_L8_02/Points/Co2Level,analogInput,1435,partsPerMillion,650,Zone CO2 level,400,2000,False,min=400|max=2000|units=partsPerMillion,station:|Diffuser_L8_02/Points/Co2Level
slot:/Diffuser_L8_03/Points/AirflowCfm,analogInput,1436,cubicFeetPerMinute,200,Diffuser airflow rate,50,400,False,min=50|max=400|units=cubicFeetPerMinute,station:|Diffuser_L8_03/Points/AirflowCfm
slot:/Diffuser_L8_03/Points/DamperPosition,analogValue,1437,percent,50,Diffuser damper position,0,100,True,min=0|max=100|units=percent,station:|Diffuser_L8_03/Points/DamperPosition
slot:/Diffuser_L8_03/Points/RoomTemp,analogInput,1438,degC,22.5,Zone temperature,16,32,False,min=16|max=32|units=degC,station:|Diffuser_L8_03/Points/RoomTemp
slot:/Diffuser_L8_03/Points/Occupancy,binaryInput,1439,,1,Zone occupancy status,,,False,,station:|Diffuser_L8_03/Points/Occupancy
slot:/Diffuser_L8_03/Points/Co2Level,analogInput,1440,partsPerMillion,650,Zone CO2 level,400,2000,False,min=400|max=2000|units=partsPerMillion,station:|Diffuser_L8_03/Points/Co2Level
slot:/Diffuser_L8_04/Points/AirflowCfm,analogInput,1441,cubicFeetPerMinute,200,Diffuser airflow rate,50,400,False,min=50|max=400|units=cubicFeetPerMinute,station:|Diffuser_L8_04/Points/AirflowCfm
slot:/Diffuser_L8_04/Points/DamperPosition,analogValue,1442,percent,50,Diffuser damper position,0,100,True,min=0|max=100|units=percent,station:|Diffuser_L8_04/Points/DamperPosition
slot:/Diffuser_L8_04/Points/RoomTemp,analogInput,1443,degC,22.5,Zone temperature,16,32,False,min=16|max=32|units=degC,station:|Diffuser_L8_04/Points/RoomTemp
slot:/Diffuser_L8_04/Points/Occupancy,binaryInput,1444,,1,Zone occupancy status,,,False,,station:|Diffuser_L8_04/Points/Occupancy
slot:/Diffuser_L8_04/Points/Co2Level,analogInput,1445,partsPerMillion,650,Zone CO2 level,400,2000,False,min=400|max=2000|units=partsPerMillion,station:|Diffuser_L8_04/Points/Co2Level
slot:/Diffuser_L8_05/Points/AirflowCfm,analogInput,1446,cubicFeetPerMinute,200,Diffuser airflow rate,50,400,False,min=50|max=400|units=cubicFeetPerMinute,station:|Diffuser_L8_05/Points/AirflowCfm
slot:/Diffuser_L8_05/Points/DamperPosition,analogValue,1447,percent,50,Diffuser damper position,0,100,True,min=0|max=100|units=percent,station:|Diffuser_L8_05/Points/DamperPosition
slot:/Diffuser_L8_05/Points/RoomTemp,analogInput,1448,degC,22.5,Zone temperature,16,32,False,min=16|max=32|units=degC,station:|Diffuser_L8_05/Points/RoomTemp
slot:/Diffuser_L8_05/Points/Occupancy,binaryInput,1449,,1,Zone occupancy status,,,False,,station:|Diffuser_L8_05/Points/Occupancy
slot:/Diffuser_L8_05/Points/Co2Level,analogInput,1450,partsPerMillion,650,Zone CO2 level,400,2000,False,min=400|max=2000|units=partsPerMillion,station:|Diffuser_L8_05/Points/Co2Level
slot:/Diffuser_L8_06/Points/AirflowCfm,analogInput,1451,cubicFeetPerMinute,200,Diffuser airflow rate,50,400,False,min=50|max=400|units=cubicFeetPerMinute,station:|Diffuser_L8_06/Points/AirflowCfm
slot:/Diffuser_L8_06/Points/DamperPosition,analogValue,1452,percent,50,Diffuser damper position,0,100,True,min=0|max=100|units=percent,station:|Diffuser_L8_06/Points/DamperPosition
slot:/Diffuser_L8_06/Points/RoomTemp,analogInput,1453,degC,22.5,Zone temperature,16,32,False,min=16|max=32|units=degC,station:|Diffuser_L8_06/Points/RoomTemp
slot:/Diffuser_L8_06/Points/Occupancy,binaryInput,1454,,1,Zone occupancy status,,,False,,station:|Diffuser_L8_06/Points/Occupancy
slot:/Diffuser_L8_06/Points/Co2Level,analogInput,1455,partsPerMillion,650,Zone CO2 level,400,2000,False,min=400|max=2000|units=partsPerMillion,station:|Diffuser_L8_06/Points/Co2Level
slot:/Diffuser_L8_07/Points/AirflowCfm,analogInput,1456,cubicFeetPerMinute,200,Diffuser airflow rate,50,400,False,min=50|max=400|units=cubicFeetPerMinute,station:|Diffuser_L8_07/Points/AirflowCfm
slot:/Diffuser_L8_07/Points/DamperPosition,analogValue,1457,percent,50,Diffuser damper position,0,100,True,min=0|max=100|units=percent,station:|Diffuser_L8_07/Points/DamperPosition
slot:/Diffuser_L8_07/Points/RoomTemp,analogInput,1458,degC,22.5,Zone temperature,16,32,False,min=16|max=32|units=degC,station:|Diffuser_L8_07/Points/RoomTemp
slot:/Diffuser_L8_07/Points/Occupancy,binaryInput,1459,,1,Zone occupancy status,,,False,,station:|Diffuser_L8_07/Points/Occupancy
slot:/Diffuser_L8_07/Points/Co2Level,analogInput,1460,partsPerMillion,650,Zone CO2 level,400,2000,False,min=400|max=2000|units=partsPerMillion,station:|Diffuser_L8_07/Points/Co2Level
slot:/Diffuser_L8_08/Points/AirflowCfm,analogInput,1461,cubicFeetPerMinute,200,Diffuser airflow rate,50,400,False,min=50|max=400|units=cubicFeetPerMinute,station:|Diffuser_L8_08/Points/AirflowCfm
slot:/Diffuser_L8_08/Points/DamperPosition,analogValue,1462,percent,50,Diffuser damper position,0,100,True,min=0|max=100|units=percent,station:|Diffuser_L8_08/Points/DamperPosition
slot:/Diffuser_L8_08/Points/RoomTemp,analogInput,1463,degC,22.5,Zone temperature,16,32,False,min=16|max=32|units=degC,station:|Diffuser_L8_08/Points/RoomTemp
slot:/Diffuser_L8_08/Points/Occupancy,binaryInput,1464,,1,Zone occupancy status,,,False,,station:|Diffuser_L8_08/Points/Occupancy
slot:/Diffuser_L8_08/Points/Co2Level,analogInput,1465,partsPerMillion,650,Zone CO2 level,400,2000,False,min=400|max=2000|units=partsPerMillion,station:|Diffuser_L8_08/Points/Co2Level
slot:/Diffuser_L8_09/Points/AirflowCfm,analogInput,1466,cubicFeetPerMinute,200,Diffuser airflow rate,50,400,False,min=50|max=400|units=cubicFeetPerMinute,station:|Diffuser_L8_09/Points/AirflowCfm
slot:/Diffuser_L8_09/Points/DamperPosition,analogValue,1467,percent,50,Diffuser damper position,0,100,True,min=0|max=100|units=percent,station:|Diffuser_L8_09/Points/DamperPosition
slot:/Diffuser_L8_09/Points/RoomTemp,analogInput,1468,degC,22.5,Zone temperature,16,32,False,min=16|max=32|units=degC,station:|Diffuser_L8_09/Points/RoomTemp
slot:/Diffuser_L8_09/Points/Occupancy,binaryInput,1469,,1,Zone occupancy status,,,False,,station:|Diffuser_L8_09/Points/Occupancy
slot:/Diffuser_L8_09/Points/Co2Level,analogInput,1470,partsPerMillion,650,Zone CO2 level,400,2000,False,min=400|max=2000|units=partsPerMillion,station:|Diffuser_L8_09/Points/Co2Level
slot:/Diffuser_L8_10/Points/AirflowCfm,analogInput,1471,cubicFeetPerMinute,200,Diffuser airflow rate,50,400,False,min=50|max=400|units=cubicFeetPerMinute,station:|Diffuser_L8_10/Points/AirflowCfm
slot:/Diffuser_L8_10/Points/DamperPosition,analogValue,1472,percent,50,Diffuser damper position,0,100,True,min=0|max=100|units=percent,station:|Diffuser_L8_10/Points/DamperPosition
slot:/Diffuser_L8_10/Points/RoomTemp,analogInput,1473,degC,22.5,Zone temperature,16,32,False,min=16|max=32|units=degC,station:|Diffuser_L8_10/Points/RoomTemp
slot:/Diffuser_L8_10/Points/Occupancy,binaryInput,1474,,1,Zone occupancy status,,,False,,station:|Diffuser_L8_10/Points/Occupancy
slot:/Diffuser_L8_10/Points/Co2Level,analogInput,1475,partsPerMillion,650,Zone CO2 level,400,2000,False,min=400|max=2000|units=partsPerMillion,station:|Diffuser_L8_10/Points/Co2Level
